pagina,folio,reverso,archivo
1,1,,373-40407.pdf
2,2,,373-40407.pdf
3,3,,373-40407.pdf
4,,,373-40407.pdf
5,9,,373-40407.pdf
6,5,,373-40407.pdf
7,6,,373-40407.pdf
8,7,,373-40407.pdf
9,,,373-40407.pdf
10,8,,373-40407.pdf
11,,,373-40407.pdf
12,9,,373-40407.pdf
13,,,373-40407.pdf
14,10,,373-40407.pdf
15,,,373-40407.pdf
16,11,,373-40407.pdf
17,4,,373-40407.pdf
18,12,,373-40407.pdf
19,,,373-40407.pdf
20,13,,373-40407.pdf
21,14,,373-40407.pdf
22,15,,373-40407.pdf
23,,,373-40407.pdf
24,16,,373-40407.pdf
25,,,373-40407.pdf
26,17,,373-40407.pdf
27,18,,373-40407.pdf
28,19,,373-40407.pdf
29,10,,373-40407.pdf
30,,,373-40407.pdf
31,21,,373-40407.pdf
32,,,373-40407.pdf
33,22,,373-40407.pdf
34,,,373-40407.pdf
35,13,,373-40407.pdf
36,24,,373-40407.pdf
37,25,,373-40407.pdf
38,26,,373-40407.pdf
39,,,373-40407.pdf
40,27,,373-40407.pdf
41,28,,373-40407.pdf
42,,,373-40407.pdf
43,29,,373-40407.pdf
44,30,,373-40407.pdf
45,31,,373-40407.pdf
46,32,,373-40407.pdf
47,33,,373-40407.pdf
48,,,373-40407.pdf
49,34,,373-40407.pdf
50,,,373-40407.pdf
51,35,,373-40407.pdf
52,,,373-40407.pdf
53,36,,373-40407.pdf
54,37,,373-40407.pdf
55,38,,373-40407.pdf
56,39,,373-40407.pdf
57,,,373-40407.pdf
58,40,,373-40407.pdf
59,,,373-40407.pdf
60,41,,373-40407.pdf
61,,,373-40407.pdf
62,42,,373-40407.pdf
63,,,373-40407.pdf
64,43,,373-40407.pdf
65,,,373-40407.pdf
66,44,,373-40407.pdf
67,15,,373-40407.pdf
68,,,373-40407.pdf
69,46,,373-40407.pdf
70,,,373-40407.pdf
71,47,,373-40407.pdf
72,6,,373-40407.pdf
73,48,,373-40407.pdf
74,,,373-40407.pdf
75,19,,373-40407.pdf
76,16,,373-40407.pdf
77,50,,373-40407.pdf
78,,,373-40407.pdf
